編,分野,章,名前,ページ
力学,力学,1,運動の表し方,13-53
力学,力学,2,落体の運動,39-51
力学,力学,3,力のつりあい,56-94
力学,力学,4,運動の法則,74-92
力学,力学,5,剛体にはたらく力のつりあい,31-39
力学,力学,6,仕事と力学的エネルギー,98-117
力学,力学,7,運動量の保存,43-62
力学,力学,8,等速円運動・慣性力,65-103
力学,力学,9,単振動,80-104
力学,力学,10,万有引力,90-104
熱,熱,11,熱とエネルギー,124-142
熱,熱,12,気体の法則,107-113
熱,熱,13,気体分子の運動・気体の状態変化,114-136
波動,波動,14,波の性質,149-165
波動,波動,15,正弦波の式,148-148
波動,波動,16,平面上を伝わる波,154-155
波動,波動,17,音の伝わり方と発音体の振動,176-192
波動,波動,18,ドップラー効果,165-172
波動,波動,19,光の性質・レンズ,175-212
波動,波動,20,光の干渉と回折,202-214
電磁気,電磁気,21,静電気力と電場・電位,216-234
電磁気,電磁気,22,コンデンサー,242-255
電磁気,電磁気,23,電流,200-217
電磁気,電磁気,24,直流回路,258-285
電磁気,電磁気,25,電流と磁場,290-303
電磁気,電磁気,26,電磁誘導,309-353
電磁気,電磁気,27,交流と電気振動,326-354
原子,原子,28,電子と光,356-381
原子,原子,29,原子と原子核,385-413
原子,原子,30,エネルギーの利用,231-241
