編,章,種類,名前,知の指定,考の指定,関連問題,回数,正解数,最終実施日,コメント
力学,1,基本例題,基本例題1 平均の速さと瞬間の速さ,1,0,,0,0,,
力学,1,基本問題,基本問題1 平均の速さ,0,1,,0,0,,
力学,1,応用問題,応用問題17 速度の分解,0,1,,0,0,,
力学,1,基本例題,基本例題2 速度の合成,1,0,,0,0,,
力学,1,基本問題,基本問題2 等速直線運動のグラフ,0,1,,0,0,,
力学,1,応用問題,応用問題18 等加速度直線運動,0,1,,0,0,,
力学,1,基本例題,基本例題3 相対速度,1,0,,0,0,,
力学,1,基本問題,基本問題3 平均の速さと瞬間の速さ,0,1,,0,0,,
力学,1,応用問題,応用問題19 等加速度直線運動,0,1,,0,0,,
力学,1,基本例題,基本例題4 等加速度直線運動,1,0,,0,0,,
力学,1,基本問題,基本問題4 速度の合成,0,1,,0,0,,
力学,1,応用問題,応用問題20 等加速度直線運動のグラフ,0,1,,0,0,,
力学,1,基本例題,基本例題5 等加速度直線運動のグラフ,1,0,,0,0,,
力学,1,基本問題,基本問題5 速度の合成,0,1,,0,0,,
力学,1,応用問題,応用問題21 等加速度直線運動のグラフ,0,1,,0,0,,
力学,1,基本問題,基本問題6 速度の分解,0,1,,0,0,,
力学,1,基本問題,基本問題7 相対速度,0,1,,0,0,,
力学,1,基本問題,基本問題8 相対速度,0,1,,0,0,,
力学,1,基本問題,基本問題9 相対速度,0,1,,0,0,,
力学,1,基本問題,基本問題10 運動の分析,0,1,,0,0,,
力学,1,基本問題,基本問題11 加速度,0,1,,0,0,,
力学,1,基本問題,基本問題12 平均の加速度,0,1,,0,0,,
力学,1,基本問題,基本問題13 等加速度直線運動,0,1,,0,0,,
力学,1,基本問題,基本問題14 等加速度直線運動,0,1,,0,0,,
力学,1,基本問題,基本問題15 等加速度直線運動のグラフ,0,1,,0,0,,
力学,1,基本問題,基本問題16 等加速度直線運動のグラフ,0,1,,0,0,,
力学,2,基本例題,基本例題6 自由落下,1,0,,0,0,,
力学,2,基本問題,基本問題22 自由落下,0,1,,0,0,,
力学,2,応用問題,応用問題38 自由落下と鉛直投げ上げ,0,1,,0,0,,
力学,2,基本例題,基本例題7 鉛直投げ上げ,1,0,,0,0,,
力学,2,基本問題,基本問題23 自由落下,0,1,,0,0,,
力学,2,応用問題,応用問題39 水平投射,0,1,,0,0,,
力学,2,基本例題,基本例題8 水平投射,1,0,,0,0,,
力学,2,基本問題,基本問題24 自由落下,0,1,,0,0,,
力学,2,応用問題,応用問題40 水平投射,0,1,,0,0,,
力学,2,基本例題,基本例題9 斜方投射,1,0,,0,0,,
力学,2,基本問題,基本問題25 鉛直投げ下ろし,0,1,,0,0,,
力学,2,応用問題,応用問題41 斜方投射,0,1,,0,0,,
力学,2,基本問題,基本問題26 鉛直投げ下ろし,0,1,,0,0,,
力学,2,応用問題,応用問題42 斜方投射,0,1,,0,0,,
力学,2,基本問題,基本問題27 鉛直投げ上げ,0,1,,0,0,,
力学,2,応用問題,応用問題43 自由落下と斜方投射,0,1,,0,0,,
力学,2,基本問題,基本問題28 鉛直投げ上げ,0,1,,0,0,,
力学,2,応用問題,応用問題44 斜方投射,0,1,,0,0,,
力学,2,基本問題,基本問題29 鉛直投げ上げ,0,1,,0,0,,
力学,2,基本問題,基本問題30 自由落下と鉛直投げ下ろし,0,1,,0,0,,
力学,2,基本問題,基本問題31 水平投射,0,1,,0,0,,
力学,2,基本問題,基本問題32 水平投射,0,1,,0,0,,
力学,2,基本問題,基本問題33 水平投射,0,1,,0,0,,
力学,2,基本問題,基本問題34 斜方投射,0,1,,0,0,,
力学,2,基本問題,基本問題35 斜方投射,0,1,,0,0,,
力学,2,基本問題,基本問題36 斜方投射,0,1,,0,0,,
力学,2,基本問題,基本問題37 走る台車からの投射,0,1,,0,0,,
力学,3,基本例題,基本例題10 力の合成,1,0,,0,0,,
力学,3,基本問題,基本問題45 力の分解,0,1,,0,0,,
力学,3,応用問題,応用問題61 力のつりあい,0,1,,0,0,,
力学,3,基本例題,基本例題11 力のつりあい,1,0,,0,0,,
力学,3,基本問題,基本問題46 力の成分,0,1,,0,0,,
力学,3,応用問題,応用問題62 滑車につるした板上の人のつりあい,0,1,,0,0,,
力学,3,基本例題,基本例題12 斜面上のつりあい,1,0,,0,0,,
力学,3,基本問題,基本問題47 力の図示,0,1,,0,0,,
力学,3,応用問題,応用問題63 斜面上のつりあい,0,1,,0,0,,
力学,3,基本問題,基本問題48 垂直抗力,0,1,,0,0,,
力学,3,応用問題,応用問題64 ばねの連結,0,1,,0,0,,
力学,3,基本問題,基本問題49 弾性力,0,1,,0,0,,
力学,3,基本問題,基本問題50 弾性力,0,1,,0,0,,
力学,3,基本問題,基本問題51 弾性力,0,1,,0,0,,
力学,3,基本問題,基本問題52 力のつりあい,0,1,,0,0,,
力学,3,基本問題,基本問題53 力のつりあい,0,1,,0,0,,
力学,3,基本問題,基本問題54 斜面上の力のつりあい,0,1,,0,0,,
力学,3,基本問題,基本問題55 斜面上のつりあい,0,1,,0,0,,
力学,3,基本問題,基本問題56 滑車を含むつりあい,0,1,,0,0,,
力学,3,基本問題,基本問題57 動滑車を含むつりあい,0,1,,0,0,,
力学,3,基本問題,基本問題58 作用反作用の法則,0,1,,0,0,,
力学,3,基本問題,基本問題59 作用反作用の法則,0,1,,0,0,,
力学,3,基本問題,基本問題60 ばねの連結,0,1,,0,0,,
力学,4,基本例題,基本例題13 運動方程式,1,0,,0,0,,
力学,4,基本問題,基本問題65 運動方程式,0,1,,0,0,,
力学,4,応用問題,応用問題88 動く板の上での物体の運動,0,1,,0,0,,
力学,4,基本例題,基本例題14 斜面上の運動,1,0,,0,0,,
力学,4,基本問題,基本問題66 物体の重さ,0,1,,0,0,,
力学,4,応用問題,応用問題89 動く板の上での物体の運動,0,1,,0,0,,
力学,4,基本例題,基本例題15 ２物体の運動,1,0,,0,0,,
力学,4,基本問題,基本問題67 運動方程式,0,1,,0,0,,
力学,4,応用問題,応用問題90 あらい斜面上のつりあいと運動,0,1,,0,0,,
力学,4,基本例題,基本例題16 ２物体の運動,1,0,,0,0,,
力学,4,基本問題,基本問題68 運動方程式,0,1,,0,0,,
力学,4,応用問題,応用問題91 動滑車と２物体の運動,0,1,,0,0,,
力学,4,基本例題,基本例題17 静止摩擦力と動摩擦力,1,0,,0,0,,
力学,4,基本問題,基本問題69 運動方程式,0,1,,0,0,,
力学,4,応用問題,応用問題92 ２物体の運動,0,1,,0,0,,
力学,4,基本例題,基本例題18 浮力,1,0,,0,0,,
力学,4,基本問題,基本問題70 運動方程式,0,1,,0,0,,
力学,4,応用問題,応用問題93 浮力,0,1,,0,0,,
力学,4,基本問題,基本問題71 運動方程式,0,1,,0,0,,
力学,4,基本問題,基本問題72 斜面上の運動,0,1,,0,0,,
力学,4,基本問題,基本問題73 斜面上の運動,0,1,,0,0,,
力学,4,基本問題,基本問題74 ２物体の運動,0,1,,0,0,,
力学,4,基本問題,基本問題75 ２物体の運動,0,1,,0,0,,
力学,4,基本問題,基本問題76 ２物体の運動,0,1,,0,0,,
力学,4,基本問題,基本問題77 ２物体の運動,0,1,,0,0,,
力学,4,基本問題,基本問題78 静止摩擦力,0,1,,0,0,,
力学,4,基本問題,基本問題79 静止摩擦力,0,1,,0,0,,
力学,4,基本問題,基本問題80 あらい水平面上の運動,0,1,,0,0,,
力学,4,基本問題,基本問題81 あらい斜面上の運動,0,1,,0,0,,
力学,4,基本問題,基本問題82 あらい斜面上の運動,0,1,,0,0,,
力学,4,基本問題,基本問題83 水圧,0,1,,0,0,,
力学,4,基本問題,基本問題84 液体の圧力,0,1,,0,0,,
力学,4,基本問題,基本問題85 浮力,0,1,,0,0,,
力学,4,基本問題,基本問題86 浮力,0,1,,0,0,,
力学,4,基本問題,基本問題87 空気の抵抗を受ける運動,0,1,,0,0,,
力学,5,基本例題,基本例題19 棒のつりあい,1,0,,0,0,,
力学,5,基本問題,基本問題94 棒のつりあい,0,1,,0,0,,
力学,5,応用問題,応用問題104 板にのせたおもりのつりあい,0,1,,0,0,,
力学,5,基本例題,基本例題20 壁に立てかけた棒のつりあい,1,0,,0,0,,
力学,5,基本問題,基本問題95 棒のつりあい,0,1,,0,0,,
力学,5,応用問題,応用問題105 人が登るはしごのつりあい,0,1,,0,0,,
力学,5,基本例題,基本例題21 重心,1,0,,0,0,,
力学,5,基本問題,基本問題96 棒のつりあい,0,1,,0,0,,
力学,5,応用問題,応用問題106 物体が傾く条件,0,1,,0,0,,
力学,5,基本例題,基本例題22 物体が傾く条件,1,0,,0,0,,
力学,5,基本問題,基本問題97 壁に立てかけた棒のつりあい,0,1,,0,0,,
力学,5,基本問題,基本問題98 剛体にはたらく力の合力,0,1,,0,0,,
力学,5,基本問題,基本問題99 重心,0,1,,0,0,,
力学,5,基本問題,基本問題100 重心,0,1,,0,0,,
力学,5,基本問題,基本問題101 重心,0,1,,0,0,,
力学,5,基本問題,基本問題102 重心,0,1,,0,0,,
力学,5,基本問題,基本問題103 物体が傾かない条件,0,1,,0,0,,
力学,6,基本例題,基本例題23 仕事,1,0,,0,0,,
力学,6,基本問題,基本問題107 仕事,0,1,,0,0,,
力学,6,応用問題,応用問題125 保存力以外の力の仕事,0,1,,0,0,,
力学,6,基本例題,基本例題24 仕事と運動エネルギー,1,0,,0,0,,
力学,6,基本問題,基本問題108 仕事の原理,0,1,,0,0,,
力学,6,応用問題,応用問題126 保存力以外の力の仕事,0,1,,0,0,,
力学,6,基本例題,基本例題25 力学的エネルギーの保存,1,0,,0,0,,
力学,6,基本問題,基本問題109 仕事率,0,1,,0,0,,
力学,6,応用問題,応用問題127 力学的エネルギーの保存,0,1,,0,0,,
力学,6,基本例題,基本例題26 力学的エネルギーの保存,1,0,,0,0,,
力学,6,基本問題,基本問題110 仕事率,0,1,,0,0,,
力学,6,応用問題,応用問題128 力学的エネルギーの保存,0,1,,0,0,,
力学,6,基本例題,基本例題27 力学的エネルギーの保存,1,0,,0,0,,
力学,6,基本問題,基本問題111 重力による位置エネルギー,0,1,,0,0,,
力学,6,応用問題,応用問題129 斜面上のばね振り子の運動,0,1,,0,0,,
力学,6,基本例題,基本例題28 保存力以外の力の仕事,1,0,,0,0,,
力学,6,基本問題,基本問題112 仕事,0,1,,0,0,,
力学,6,応用問題,応用問題130 ばね付きの板にのせた物体の運動,0,1,,0,0,,
力学,6,基本問題,基本問題113 弾性力による位置エネルギー,0,1,,0,0,,
力学,6,基本問題,基本問題114 仕事と運動エネルギー,0,1,,0,0,,
力学,6,基本問題,基本問題115 仕事と運動エネルギー,0,1,,0,0,,
力学,6,基本問題,基本問題116 自由落下とエネルギー,0,1,,0,0,,
力学,6,基本問題,基本問題117 力学的エネルギーの保存,0,1,,0,0,,
力学,6,基本問題,基本問題118 力学的エネルギーの保存,0,1,,0,0,,
力学,6,基本問題,基本問題119 力学的エネルギーの保存,0,1,,0,0,,
力学,6,基本問題,基本問題120 力学的エネルギーの保存,0,1,,0,0,,
力学,6,基本問題,基本問題121 力学的エネルギーの保存,0,1,,0,0,,
力学,6,基本問題,基本問題122 保存力以外の力の仕事,0,1,,0,0,,
力学,6,基本問題,基本問題123 保存力以外の力の仕事,0,1,,0,0,,
力学,6,基本問題,基本問題124 力学的エネルギーの保存,0,1,,0,0,,
力学,7,基本例題,基本例題29 運動量と力積,1,0,,0,0,,
力学,7,基本問題,基本問題131 運動量と力積,0,1,,0,0,,
力学,7,応用問題,応用問題146 ばねでつながれた物体との衝突,0,1,,0,0,,
力学,7,基本例題,基本例題30 直線上の運動量の保存（合体と分裂）,1,0,,0,0,,
力学,7,基本問題,基本問題132 運動量と力積,0,1,,0,0,,
力学,7,応用問題,応用問題147 木材への弾丸の打ちこみ,0,1,,0,0,,
力学,7,基本例題,基本例題31 平面上の運動量の保存,1,0,,0,0,,
力学,7,基本問題,基本問題133 運動量と力積,0,1,,0,0,,
力学,7,応用問題,応用問題148 斜面との衝突,0,1,,0,0,,
力学,7,基本例題,基本例題32 反発係数（２物体の衝突）,1,0,,0,0,,
力学,7,基本問題,基本問題134 運動量の保存（合体）,0,1,,0,0,,
力学,7,応用問題,応用問題149 物体と動く台との運動,0,1,,0,0,,
力学,7,基本問題,基本問題135 動く板の上での物体の運動,0,1,,0,0,,
力学,7,応用問題,応用問題150 床とのくり返し衝突,0,1,,0,0,,
力学,7,基本問題,基本問題136 運動量の保存（分裂）,0,1,,0,0,,
力学,7,基本問題,基本問題137 運動量の保存と相対速度,0,1,,0,0,,
力学,7,基本問題,基本問題138 重心の運動,0,1,,0,0,,
力学,7,基本問題,基本問題139 平面上の運動量保存則,0,1,,0,0,,
力学,7,基本問題,基本問題140 床との衝突,0,1,,0,0,,
力学,7,基本問題,基本問題141 反発係数（２物体の衝突）,0,1,,0,0,,
力学,7,基本問題,基本問題142 衝突後にはねかえる条件,0,1,,0,0,,
力学,7,基本問題,基本問題143 弾性衝突と完全非弾性衝突,0,1,,0,0,,
力学,7,基本問題,基本問題144 床との斜めの衝突,0,1,,0,0,,
力学,7,基本問題,基本問題145 壁との斜めの衝突,0,1,,0,0,,
力学,8,基本例題,基本例題33 等速円運動,1,0,,0,0,,
力学,8,基本問題,基本問題151 等速円運動,0,1,,0,0,,
力学,8,応用問題,応用問題170 円錐振り子と水平投射,0,1,,0,0,,
力学,8,基本例題,基本例題34 慣性力,1,0,,0,0,,
力学,8,基本問題,基本問題152 等速円運動,0,1,,0,0,,
力学,8,応用問題,応用問題171 糸の長さが変わる振り子,0,1,,0,0,,
力学,8,基本例題,基本例題35 円錐振り子,1,0,,0,0,,
力学,8,基本問題,基本問題153 向心力,0,1,,0,0,,
力学,8,応用問題,応用問題172 回転する円板上の物体,0,1,,0,0,,
力学,8,基本例題,基本例題36 鉛直面内の円運動,1,0,,0,0,,
力学,8,基本問題,基本問題154 等速円運動,0,1,,0,0,,
力学,8,応用問題,応用問題173 円筒の内面をすべり上がる運動,0,1,,0,0,,
力学,8,基本問題,基本問題155 等速円運動,0,1,,0,0,,
力学,8,応用問題,応用問題174 斜面上での円運動,0,1,,0,0,,
力学,8,基本問題,基本問題156 円錐容器の内側での等速円運動,0,1,,0,0,,
力学,8,応用問題,応用問題175 慣性力と円錐振り子,0,1,,0,0,,
力学,8,基本問題,基本問題157 ターンテーブル上の物体,0,1,,0,0,,
力学,8,応用問題,応用問題176 慣性力,0,1,,0,0,,
力学,8,基本問題,基本問題158 慣性力,0,1,,0,0,,
力学,8,基本問題,基本問題159 慣性力,0,1,,0,0,,
力学,8,基本問題,基本問題160 慣性力,0,1,,0,0,,
力学,8,基本問題,基本問題161 慣性力,0,1,,0,0,,
力学,8,基本問題,基本問題162 遠心力,0,1,,0,0,,
力学,8,基本問題,基本問題163 円錐振り子,0,1,,0,0,,
力学,8,基本問題,基本問題164 円錐振り子,0,1,,0,0,,
力学,8,基本問題,基本問題165 円錐容器の側面での等速円運動,0,1,,0,0,,
力学,8,基本問題,基本問題166 振り子の糸の張力,0,1,,0,0,,
力学,8,基本問題,基本問題167 鉛直面内の円運動,0,1,,0,0,,
力学,8,基本問題,基本問題168 鉛直面内の円運動,0,1,,0,0,,
力学,8,基本問題,基本問題169 円筒面上をすべり落ちる運動,0,1,,0,0,,
力学,9,基本例題,基本例題37 水平ばね振り子,1,0,,0,0,,
力学,9,基本問題,基本問題177 等速円運動と単振動,0,1,,0,0,,
力学,9,応用問題,応用問題189 加速中の列車内の単振り子,0,1,,0,0,,
力学,9,基本例題,基本例題38 鉛直ばね振り子,1,0,,0,0,,
力学,9,基本問題,基本問題178 単振動の変位，速度，加速度,0,1,,0,0,,
力学,9,応用問題,応用問題190 液体中の物体の単振動,0,1,,0,0,,
力学,9,基本問題,基本問題179 単振動の周期,0,1,,0,0,,
力学,9,応用問題,応用問題191 ゴムひもによる小球の運動,0,1,,0,0,,
力学,9,基本問題,基本問題180 単振動の式,0,1,,0,0,,
力学,9,応用問題,応用問題192 糸でつながれた２物体の単振動,0,1,,0,0,,
力学,9,基本問題,基本問題181 水平ばね振り子,0,1,,0,0,,
力学,9,応用問題,応用問題193 重心に対する単振動,0,1,,0,0,,
力学,9,基本問題,基本問題182 ２本のばねにつながれた物体の運動,0,1,,0,0,,
力学,9,応用問題,応用問題194 ばね付きの板にのせた物体の運動,0,1,,0,0,,
力学,9,基本問題,基本問題183 鉛直ばね振り子,0,1,,0,0,,
力学,9,応用問題,応用問題195 2物体の単振動,0,1,,0,0,,
力学,9,基本問題,基本問題184 斜面上のばね振り子,0,1,,0,0,,
力学,9,応用問題,応用問題196 摩擦力による減衰振動,0,1,,0,0,,
力学,9,基本問題,基本問題185 単振動の振幅,0,1,,0,0,,
力学,9,基本問題,基本問題186 鉛直ばね振り子の周期,0,1,,0,0,,
力学,9,基本問題,基本問題187 単振り子,0,1,,0,0,,
力学,9,基本問題,基本問題188 単振り子の周期,0,1,,0,0,,
力学,10,基本例題,基本例題39 人工衛星の運動,1,0,,0,0,,
力学,10,基本問題,基本問題197 ケプラーの法則,0,1,,0,0,,
力学,10,応用問題,応用問題207 緯度と重力加速度,0,1,,0,0,,
力学,10,基本例題,基本例題40 万有引力による位置エネルギー,1,0,,0,0,,
力学,10,基本問題,基本問題198 地球の質量,0,1,,0,0,,
力学,10,応用問題,応用問題208 人工衛星の打ち上げのエネルギー,0,1,,0,0,,
力学,10,基本問題,基本問題199 月面での重力加速度,0,1,,0,0,,
力学,10,応用問題,応用問題209 だ円軌道上の運動,0,1,,0,0,,
力学,10,基本問題,基本問題200 重力加速度,0,1,,0,0,,
力学,10,応用問題,応用問題210 ケプラーの第三法則と惑星のもつ力学的エネルギー,0,1,,0,0,,
力学,10,基本問題,基本問題201 重力の大きさ,0,1,,0,0,,
力学,10,応用問題,応用問題211 万有引力による単振動,0,1,,0,0,,
力学,10,基本問題,基本問題202 ケプラーの法則と万有引力の法則,0,1,,0,0,,
力学,10,基本問題,基本問題203 静止衛星,0,1,,0,0,,
力学,10,基本問題,基本問題204 人工衛星の力学的エネルギー,0,1,,0,0,,
力学,10,基本問題,基本問題205 人工衛星のエネルギー,0,1,,0,0,,
力学,10,基本問題,基本問題206 だ円軌道上の運動,0,1,,0,0,,
熱,11,基本例題,基本例題41 熱量の保存,1,0,,0,0,,
熱,11,基本問題,基本問題212 熱容量,0,1,,0,0,,
熱,11,応用問題,応用問題228 熱膨張,0,1,,0,0,,
熱,11,基本例題,基本例題42 熱と仕事,1,0,,0,0,,
熱,11,基本問題,基本問題213 比熱・熱容量,0,1,,0,0,,
熱,11,応用問題,応用問題229 熱量の保存,0,1,,0,0,,
熱,11,基本問題,基本問題214 熱量の保存,0,1,,0,0,,
熱,11,応用問題,応用問題230 水の状態変化,0,1,,0,0,,
熱,11,基本問題,基本問題215 熱量の保存,0,1,,0,0,,
熱,11,応用問題,応用問題231 熱と仕事,0,1,,0,0,,
熱,11,基本問題,基本問題216 熱量の保存,0,1,,0,0,,
熱,11,応用問題,応用問題232 熱機関の効率,0,1,,0,0,,
熱,11,基本問題,基本問題217 熱量の保存,0,1,,0,0,,
熱,11,基本問題,基本問題218 水の状態変化,0,1,,0,0,,
熱,11,基本問題,基本問題219 融解熱,0,1,,0,0,,
熱,11,基本問題,基本問題220 水の状態変化,0,1,,0,0,,
熱,11,基本問題,基本問題221 水の状態変化,0,1,,0,0,,
熱,11,基本問題,基本問題222 熱膨張,0,1,,0,0,,
熱,11,基本問題,基本問題223 熱と仕事,0,1,,0,0,,
熱,11,基本問題,基本問題224 熱と仕事,0,1,,0,0,,
熱,11,基本問題,基本問題225 熱力学第一法則,0,1,,0,0,,
熱,11,基本問題,基本問題226 熱効率,0,1,,0,0,,
熱,11,基本問題,基本問題227 熱効率,0,1,,0,0,,
熱,12,基本例題,基本例題43 気体の状態方程式,1,0,,0,0,,
熱,12,基本問題,基本問題233 気体の圧力,0,1,,0,0,,
熱,12,応用問題,応用問題242 ボイル・シャルルの法則,0,1,,0,0,,
熱,12,基本問題,基本問題234 ボイルの法則,0,1,,0,0,,
熱,12,応用問題,応用問題243 ボイル・シャルルの法則,0,1,,0,0,,
熱,12,基本問題,基本問題235 ボイルの法則,0,1,,0,0,,
熱,12,応用問題,応用問題244 気体の状態方程式,0,1,,0,0,,
熱,12,基本問題,基本問題236 シャルルの法則,0,1,,0,0,,
熱,12,応用問題,応用問題245 熱気球,0,1,,0,0,,
熱,12,基本問題,基本問題237 シャルルの法則,0,1,,0,0,,
熱,12,基本問題,基本問題238 ボイル・シャルルの法則,0,1,,0,0,,
熱,12,基本問題,基本問題239 ボイル・シャルルの法則,0,1,,0,0,,
熱,12,基本問題,基本問題240 気体の状態方程式,0,1,,0,0,,
熱,12,基本問題,基本問題241 気体の状態方程式,0,1,,0,0,,
熱,13,基本例題,基本例題44 気体分子の運動,1,0,,0,0,,
熱,13,基本問題,基本問題246 平均運動エネルギー,0,1,,0,0,,
熱,13,応用問題,応用問題260 球形容器内の気体分子の運動,0,1,,0,0,,
熱,13,基本例題,基本例題45 内部エネルギーの保存,1,0,,0,0,,
熱,13,基本問題,基本問題247 気体分子の運動,0,1,,0,0,,
熱,13,応用問題,応用問題261 断熱変化と等温変化,0,1,,0,0,,
熱,13,基本例題,基本例題46 定圧変化,1,0,,0,0,,
熱,13,基本問題,基本問題248 気体分子の運動,0,1,,0,0,,
熱,13,応用問題,応用問題262 気体の状態変化,0,1,,0,0,,
熱,13,基本例題,基本例題47 ｐ－Ｖ図の見方,1,0,,0,0,,
熱,13,基本問題,基本問題249 二乗平均速度,0,1,,0,0,,
熱,13,応用問題,応用問題263 気体の状態変化,0,1,,0,0,,
熱,13,基本例題,基本例題48 気体の状態変化,1,0,,0,0,,
熱,13,基本問題,基本問題250 気体の内部エネルギー,0,1,,0,0,,
熱,13,応用問題,応用問題264 Ｖ－Ｔ図,0,1,,0,0,,
熱,13,基本問題,基本問題251 内部エネルギーの保存,0,1,,0,0,,
熱,13,応用問題,応用問題265 ばね付きピストン,0,1,,0,0,,
熱,13,基本問題,基本問題252 気体の状態変化,0,1,,0,0,,
熱,13,応用問題,応用問題266 断熱変化,0,1,,0,0,,
熱,13,基本問題,基本問題253 定積変化，定圧変化,0,1,,0,0,,
熱,13,基本問題,基本問題254 定圧変化,0,1,,0,0,,
熱,13,基本問題,基本問題255 断熱変化,0,1,,0,0,,
熱,13,基本問題,基本問題256 気体の状態変化とｐ－Ｖ図,0,1,,0,0,,
熱,13,基本問題,基本問題257 ｐ－Ｖ図とＶ－Ｔ図,0,1,,0,0,,
熱,13,基本問題,基本問題258 気体の状態変化,0,1,,0,0,,
熱,13,基本問題,基本問題259 気体の状態変化,0,1,,0,0,,
波動,14,基本例題,基本例題49 波の要素,1,0,,0,0,,
波動,14,基本問題,基本問題267 波の要素,0,1,,0,0,,
波動,14,応用問題,応用問題279 波のある水面を進む船,0,1,,0,0,,
波動,14,基本例題,基本例題50 ｙ－ｘ図とｙ－ｔ図,1,0,,0,0,,
波動,14,基本問題,基本問題268 媒質の振動,0,1,,0,0,,
波動,14,応用問題,応用問題280 縦波,0,1,,0,0,,
波動,14,基本例題,基本例題51 縦波,1,0,,0,0,,
波動,14,基本問題,基本問題269 波形の移動,0,1,,0,0,,
波動,14,応用問題,応用問題281 正弦波の反射,0,1,,0,0,,
波動,14,基本例題,基本例題52 定在波（定常波）,1,0,,0,0,,
波動,14,基本問題,基本問題270 ｙ－ｘ図とｙ－ｔ図,0,1,,0,0,,
波動,14,基本問題,基本問題271 ｙ－ｘ図とｙ－ｔ図,0,1,,0,0,,
波動,14,基本問題,基本問題272 縦波,0,1,,0,0,,
波動,14,基本問題,基本問題273 縦波,0,1,,0,0,,
波動,14,基本問題,基本問題274 定在波（定常波）,0,1,,0,0,,
波動,14,基本問題,基本問題275 定在波（定常波）,0,1,,0,0,,
波動,14,基本問題,基本問題276 波の反射,0,1,,0,0,,
波動,14,基本問題,基本問題277 正弦波の反射,0,1,,0,0,,
波動,14,基本問題,基本問題278 正弦波の反射,0,1,,0,0,,
波動,15,基本例題,基本例題53 正弦波の式,1,0,,0,0,,
波動,15,基本問題,基本問題282 正弦波の式,0,1,,0,0,,
波動,15,応用問題,応用問題287 正弦波の式と定在波（定常波）,0,1,,0,0,,
波動,15,基本例題,基本例題54 正弦波の式,1,0,,0,0,,
波動,15,基本問題,基本問題283 正弦波の式,0,1,,0,0,,
波動,15,基本問題,基本問題284 正弦波の式,0,1,,0,0,,
波動,15,基本問題,基本問題285 正弦波の式,0,1,,0,0,,
波動,15,基本問題,基本問題286 正弦波の式,0,1,,0,0,,
波動,16,基本例題,基本例題55 水面波の干渉,1,0,,0,0,,
波動,16,基本問題,基本問題288 水面波の干渉,0,1,,0,0,,
波動,16,応用問題,応用問題292 水面波の干渉,0,1,,0,0,,
波動,16,基本例題,基本例題56 波の屈折,1,0,,0,0,,
波動,16,基本問題,基本問題289 水面波の干渉,0,1,,0,0,,
波動,16,応用問題,応用問題293 水面波の干渉,0,1,,0,0,,
波動,16,基本問題,基本問題290 波の屈折,0,1,,0,0,,
波動,16,応用問題,応用問題294 平面波の屈折と反射,0,1,,0,0,,
波動,16,基本問題,基本問題291 波の屈折,0,1,,0,0,,
波動,17,基本例題,基本例題57 弦の振動,1,0,,0,0,,
波動,17,基本問題,基本問題295 音の速さ,0,1,,0,0,,
波動,17,応用問題,応用問題311 音の干渉,0,1,,0,0,,
波動,17,基本例題,基本例題58 気柱の振動,1,0,,0,0,,
波動,17,基本問題,基本問題296 音の速さ,0,1,,0,0,,
波動,17,応用問題,応用問題312 音の干渉,0,1,,0,0,,
波動,17,基本問題,基本問題297 音の反射,0,1,,0,0,,
波動,17,応用問題,応用問題313 弦の振動とうなり,0,1,,0,0,,
波動,17,基本問題,基本問題298 音の屈折,0,1,,0,0,,
波動,17,応用問題,応用問題314 弦の振動,0,1,,0,0,,
波動,17,基本問題,基本問題299 音の干渉,0,1,,0,0,,
波動,17,応用問題,応用問題315 気柱の振動,0,1,,0,0,,
波動,17,基本問題,基本問題300 うなり,0,1,,0,0,,
波動,17,応用問題,応用問題316 気柱の振動,0,1,,0,0,,
波動,17,基本問題,基本問題301 うなり,0,1,,0,0,,
波動,17,基本問題,基本問題302 弦の振動,0,1,,0,0,,
波動,17,基本問題,基本問題303 弦の振動,0,1,,0,0,,
波動,17,基本問題,基本問題304 弦の振動,0,1,,0,0,,
波動,17,基本問題,基本問題305 おんさと弦の共振,0,1,,0,0,,
波動,17,基本問題,基本問題306 気柱の振動,0,1,,0,0,,
波動,17,基本問題,基本問題307 気柱の振動,0,1,,0,0,,
波動,17,基本問題,基本問題308 開口端補正,0,1,,0,0,,
波動,17,基本問題,基本問題309 気柱の振動,0,1,,0,0,,
波動,17,基本問題,基本問題310 気柱の密度の変化,0,1,,0,0,,
波動,18,基本例題,基本例題59 音源が動く場合のドップラー効果,1,0,,0,0,,
波動,18,基本問題,基本問題317 ドップラー効果,0,1,,0,0,,
波動,18,応用問題,応用問題325 反射板がある場合のドップラー効果,0,1,,0,0,,
波動,18,基本例題,基本例題60 音源と観測者が動く場合のドップラー効果,1,0,,0,0,,
波動,18,基本問題,基本問題318 水面波のドップラー効果,0,1,,0,0,,
波動,18,応用問題,応用問題326 斜め方向のドップラー効果,0,1,,0,0,,
波動,18,基本例題,基本例題61 壁で反射する場合のドップラー効果,1,0,,0,0,,
波動,18,基本問題,基本問題319 音源が動く場合のドップラー効果,0,1,,0,0,,
波動,18,基本問題,基本問題320 音源と観測者が動く場合のドップラー効果,0,1,,0,0,,
波動,18,基本問題,基本問題321 反射板がある場合のドップラー効果,0,1,,0,0,,
波動,18,基本問題,基本問題322 風がある場合のドップラー効果,0,1,,0,0,,
波動,18,基本問題,基本問題323 斜め方向のドップラー効果,0,1,,0,0,,
波動,18,基本問題,基本問題324 音源が円運動する場合のドップラー効果,0,1,,0,0,,
波動,19,基本例題,基本例題62 みかけの深さ，全反射,1,0,,0,0,,
波動,19,基本問題,基本問題327 光の速さ,0,1,,0,0,,
波動,19,応用問題,応用問題341 光の屈折と全反射,0,1,,0,0,,
波動,19,基本例題,基本例題63 凸レンズによる像,1,0,,0,0,,
波動,19,基本問題,基本問題328 光の速さの測定,0,1,,0,0,,
波動,19,応用問題,応用問題342 プリズムの偏角,0,1,,0,0,,
波動,19,基本例題,基本例題64 凹面鏡による像,1,0,,0,0,,
波動,19,基本問題,基本問題329 ガラス中の光,0,1,,0,0,,
波動,19,応用問題,応用問題343 カメラのレンズ,0,1,,0,0,,
波動,19,基本問題,基本問題330 光の反射,0,1,,0,0,,
波動,19,応用問題,応用問題344 液体中の光源のレンズによる像,0,1,,0,0,,
波動,19,基本問題,基本問題331 光の屈折,0,1,,0,0,,
波動,19,応用問題,応用問題345 組合せレンズ,0,1,,0,0,,
波動,19,基本問題,基本問題332 光の屈折と全反射,0,1,,0,0,,
波動,19,応用問題,応用問題346 凹面鏡と凸レンズ,0,1,,0,0,,
波動,19,基本問題,基本問題333 光の屈折と全反射,0,1,,0,0,,
波動,19,基本問題,基本問題334 虹,0,1,,0,0,,
波動,19,基本問題,基本問題335 レンズによる像の作図,0,1,,0,0,,
波動,19,基本問題,基本問題336 凸レンズ,0,1,,0,0,,
波動,19,基本問題,基本問題337 レンズによる像,0,1,,0,0,,
波動,19,基本問題,基本問題338 凸レンズによる像,0,1,,0,0,,
波動,19,基本問題,基本問題339 凹・凸面鏡による像の作図,0,1,,0,0,,
波動,19,基本問題,基本問題340 凹・凸面鏡による像,0,1,,0,0,,
波動,20,基本例題,基本例題65 ヤングの実験,1,0,,0,0,,
波動,20,基本問題,基本問題347 ヤングの実験,0,1,,0,0,,
波動,20,応用問題,応用問題353 ヤングの実験,0,1,,0,0,,
波動,20,基本例題,基本例題66 回折格子,1,0,,0,0,,
波動,20,基本問題,基本問題348 回折格子,0,1,,0,0,,
波動,20,応用問題,応用問題354 回折格子,0,1,,0,0,,
波動,20,基本例題,基本例題67 薄膜による光の干渉,1,0,,0,0,,
波動,20,基本問題,基本問題349 薄膜による光の干渉,0,1,,0,0,,
波動,20,応用問題,応用問題355 マイケルソン干渉計,0,1,,0,0,,
波動,20,基本問題,基本問題350 薄膜による光の干渉,0,1,,0,0,,
波動,20,基本問題,基本問題351 くさび形空気層による光の干渉,0,1,,0,0,,
波動,20,基本問題,基本問題352 ニュートンリング,0,1,,0,0,,
電磁気,21,基本例題,基本例題68 帯電した小球のつりあい,1,0,,0,0,,
電磁気,21,基本問題,基本問題356 静電気,0,1,,0,0,,
電磁気,21,応用問題,応用問題370 帯電した小球のつりあい,0,1,,0,0,,
電磁気,21,基本例題,基本例題69 クーロンの法則・電場の強さ,1,0,,0,0,,
電磁気,21,基本問題,基本問題357 電子の移動,0,1,,0,0,,
電磁気,21,応用問題,応用問題371 一様な電場内での荷電粒子の運動,0,1,,0,0,,
電磁気,21,基本例題,基本例題70 一様な電場内での陽イオンの運動,1,0,,0,0,,
電磁気,21,基本問題,基本問題358 電気量の保存と静電気力,0,1,,0,0,,
電磁気,21,応用問題,応用問題372 帯電した棒がつくる電場,0,1,,0,0,,
電磁気,21,基本例題,基本例題71 電場のする仕事,1,0,,0,0,,
電磁気,21,基本問題,基本問題359 クーロンの法則,0,1,,0,0,,
電磁気,21,応用問題,応用問題373 帯電した球体がつくる電場,0,1,,0,0,,
電磁気,21,基本問題,基本問題360 静電誘導,0,1,,0,0,,
電磁気,21,応用問題,応用問題374 導体球殻と電場,0,1,,0,0,,
電磁気,21,基本問題,基本問題361 箔検電器,0,1,,0,0,,
電磁気,21,応用問題,応用問題375 電位,0,1,,0,0,,
電磁気,21,基本問題,基本問題362 ２つの点電荷による電場,0,1,,0,0,,
電磁気,21,応用問題,応用問題376 電場・電位,0,1,,0,0,,
電磁気,21,基本問題,基本問題363 電場の重ねあわせ,0,1,,0,0,,
電磁気,21,基本問題,基本問題364 ガウスの法則,0,1,,0,0,,
電磁気,21,基本問題,基本問題365 一様な電場,0,1,,0,0,,
電磁気,21,基本問題,基本問題366 等電位面と電気力線,0,1,,0,0,,
電磁気,21,基本問題,基本問題367 電荷を運ぶ仕事,0,1,,0,0,,
電磁気,21,基本問題,基本問題368 電場・電位,0,1,,0,0,,
電磁気,21,基本問題,基本問題369 電位,0,1,,0,0,,
電磁気,22,基本例題,基本例題72 平行板コンデンサー,1,0,,0,0,,
電磁気,22,基本問題,基本問題377 コンデンサーの電気容量,0,1,,0,0,,
電磁気,22,応用問題,応用問題390 電気力線と平行板コンデンサー,0,1,,0,0,,
電磁気,22,基本例題,基本例題73 金属板を挿入したコンデンサー,1,0,,0,0,,
電磁気,22,基本問題,基本問題378 コンデンサーに加わる電圧,0,1,,0,0,,
電磁気,22,応用問題,応用問題391 合成容量,0,1,,0,0,,
電磁気,22,基本例題,基本例題74 コンデンサーの接続,1,0,,0,0,,
電磁気,22,基本問題,基本問題379 平行板コンデンサー,0,1,,0,0,,
電磁気,22,応用問題,応用問題392 コンデンサーの接続,0,1,,0,0,,
電磁気,22,基本例題,基本例題75 コンデンサーの接続と静電エネルギー,1,0,,0,0,,
電磁気,22,基本問題,基本問題380 比誘電率,0,1,,0,0,,
電磁気,22,応用問題,応用問題393 平行板コンデンサーに金属板挿入,0,1,,0,0,,
電磁気,22,基本問題,基本問題381 コンデンサーの直列接続,0,1,,0,0,,
電磁気,22,応用問題,応用問題394 平行板コンデンサーへの誘電体挿入,0,1,,0,0,,
電磁気,22,基本問題,基本問題382 合成容量,0,1,,0,0,,
電磁気,22,応用問題,応用問題395 平行板コンデンサーの電場,0,1,,0,0,,
電磁気,22,基本問題,基本問題383 耐電圧,0,1,,0,0,,
電磁気,22,応用問題,応用問題396 誘電体を挿入したコンデンサーの電場,0,1,,0,0,,
電磁気,22,基本問題,基本問題384 金属板の挿入,0,1,,0,0,,
電磁気,22,基本問題,基本問題385 誘電体の挿入,0,1,,0,0,,
電磁気,22,基本問題,基本問題386 コンデンサーの接続,0,1,,0,0,,
電磁気,22,基本問題,基本問題387 コンデンサーの接続,0,1,,0,0,,
電磁気,22,基本問題,基本問題388 平行板コンデンサーの電場と静電エネルギー,0,1,,0,0,,
電磁気,22,基本問題,基本問題389 コンデンサーの極板間の引力,0,1,,0,0,,
電磁気,23,基本例題,基本例題76 抵抗の接続,1,0,,0,0,,
電磁気,23,基本問題,基本問題397 電流,0,1,,0,0,,
電磁気,23,応用問題,応用問題405 電流,0,1,,0,0,,
電磁気,23,基本例題,基本例題77 ジュール熱,1,0,,0,0,,
電磁気,23,基本問題,基本問題398 抵抗の接続,0,1,,0,0,,
電磁気,23,応用問題,応用問題406 抵抗率,0,1,,0,0,,
電磁気,23,基本問題,基本問題399 抵抗の接続,0,1,,0,0,,
電磁気,23,応用問題,応用問題407 抵抗の接続,0,1,,0,0,,
電磁気,23,基本問題,基本問題400 直流回路,0,1,,0,0,,
電磁気,23,応用問題,応用問題408 抵抗の接続とジュール熱,0,1,,0,0,,
電磁気,23,基本問題,基本問題401 電力,0,1,,0,0,,
電磁気,23,応用問題,応用問題409 抵抗の接続とジュール熱,0,1,,0,0,,
電磁気,23,基本問題,基本問題402 ジュール熱,0,1,,0,0,,
電磁気,23,基本問題,基本問題403 ジュール熱,0,1,,0,0,,
電磁気,23,基本問題,基本問題404 電力,0,1,,0,0,,
電磁気,24,基本例題,基本例題78 電流計の分流器，電圧計の倍率器,1,0,,0,0,,
電磁気,24,基本問題,基本問題410 オームの法則と抵抗率,0,1,,0,0,,
電磁気,24,応用問題,応用問題425 キルヒホッフの法則,0,1,,0,0,,
電磁気,24,基本例題,基本例題79 キルヒホッフの法則,1,0,,0,0,,
電磁気,24,基本問題,基本問題411 電流計・電圧計,0,1,,0,0,,
電磁気,24,応用問題,応用問題426 抵抗回路と電力,0,1,,0,0,,
電磁気,24,基本例題,基本例題80 電池から供給される電力,1,0,,0,0,,
電磁気,24,基本問題,基本問題412 電流計の分流器，電圧計の倍率器,0,1,,0,0,,
電磁気,24,応用問題,応用問題427 コンデンサーを含む回路,0,1,,0,0,,
電磁気,24,基本例題,基本例題81 ホイートストンブリッジ,1,0,,0,0,,
電磁気,24,基本問題,基本問題413 直流回路と電位,0,1,,0,0,,
電磁気,24,応用問題,応用問題428 電流計と電圧計の内部抵抗,0,1,,0,0,,
電磁気,24,基本例題,基本例題82 電流－電圧特性曲線,1,0,,0,0,,
電磁気,24,基本問題,基本問題414 キルヒホッフの法則,0,1,,0,0,,
電磁気,24,応用問題,応用問題429 ダイオードを含む回路,0,1,,0,0,,
電磁気,24,基本問題,基本問題415 電池の接続,0,1,,0,0,,
電磁気,24,基本問題,基本問題416 電池の起電力と内部抵抗の測定,0,1,,0,0,,
電磁気,24,基本問題,基本問題417 電力,0,1,,0,0,,
電磁気,24,基本問題,基本問題418 ホイートストンブリッジ,0,1,,0,0,,
電磁気,24,基本問題,基本問題419 ホイートストンブリッジ,0,1,,0,0,,
電磁気,24,基本問題,基本問題420 電位差計,0,1,,0,0,,
電磁気,24,基本問題,基本問題421 電流－電圧特性曲線,0,1,,0,0,,
電磁気,24,基本問題,基本問題422 コンデンサーを含む回路,0,1,,0,0,,
電磁気,24,基本問題,基本問題423 不純物半導体,0,1,,0,0,,
電磁気,24,基本問題,基本問題424 ダイオードを含む回路,0,1,,0,0,,
電磁気,25,基本例題,基本例題83 直線電流がつくる磁場,1,0,,0,0,,
電磁気,25,基本問題,基本問題430 直線電流がつくる磁場,0,1,,0,0,,
電磁気,25,応用問題,応用問題440 平行電流が及ぼしあう力,0,1,,0,0,,
電磁気,25,基本例題,基本例題84 磁場の合成,1,0,,0,0,,
電磁気,25,基本問題,基本問題431 直線電流がつくる磁場の合成,0,1,,0,0,,
電磁気,25,応用問題,応用問題441 直線電流がコイルに及ぼす力,0,1,,0,0,,
電磁気,25,基本例題,基本例題85 平行電流が及ぼしあう力,1,0,,0,0,,
電磁気,25,基本問題,基本問題432 直線電流と円形電流の合成磁場,0,1,,0,0,,
電磁気,25,応用問題,応用問題442 加速器,0,1,,0,0,,
電磁気,25,基本例題,基本例題86 ローレンツ力,1,0,,0,0,,
電磁気,25,基本問題,基本問題433 ソレノイドがつくる磁場,0,1,,0,0,,
電磁気,25,応用問題,応用問題443 磁場内での荷電粒子の運動,0,1,,0,0,,
電磁気,25,基本問題,基本問題434 電流が磁場から受ける力,0,1,,0,0,,
電磁気,25,応用問題,応用問題444 磁場内でのらせん運動,0,1,,0,0,,
電磁気,25,基本問題,基本問題435 モーター,0,1,,0,0,,
電磁気,25,応用問題,応用問題445 半導体中の電子の運動,0,1,,0,0,,
電磁気,25,基本問題,基本問題436 斜面レールで静止するパイプ,0,1,,0,0,,
電磁気,25,基本問題,基本問題437 平行電流が及ぼしあう力,0,1,,0,0,,
電磁気,25,基本問題,基本問題438 磁場内の荷電粒子の運動,0,1,,0,0,,
電磁気,25,基本問題,基本問題439 磁場内のイオンの運動,0,1,,0,0,,
電磁気,26,基本例題,基本例題87 コイルに生じる誘導起電力,1,0,,0,0,,
電磁気,26,基本問題,基本問題446 コイルに生じる誘導起電力,0,1,,0,0,,
電磁気,26,応用問題,応用問題456 正方形コイルの誘導起電力,0,1,,0,0,,
電磁気,26,基本例題,基本例題88 ローレンツ力と誘導起電力,1,0,,0,0,,
電磁気,26,基本問題,基本問題447 誘導電流の向き,0,1,,0,0,,
電磁気,26,応用問題,応用問題457 磁場の中での導体棒の運動,0,1,,0,0,,
電磁気,26,基本例題,基本例題89 磁場を横切る金属棒に生じる誘導起電力,1,0,,0,0,,
電磁気,26,基本問題,基本問題448 ローレンツ力と誘導起電力,0,1,,0,0,,
電磁気,26,応用問題,応用問題458 磁場中の斜面をすべり下りる導体棒,0,1,,0,0,,
電磁気,26,基本問題,基本問題449 磁場を横切る長方形コイルに生じる誘導起電力,0,1,,0,0,,
電磁気,26,応用問題,応用問題459 自己誘導,0,1,,0,0,,
電磁気,26,基本問題,基本問題450 電磁誘導と終端速度,0,1,,0,0,,
電磁気,26,応用問題,応用問題460 磁場中を回転する導体棒,0,1,,0,0,,
電磁気,26,基本問題,基本問題451 磁場を横切る導線に生じる誘導起電力,0,1,,0,0,,
電磁気,26,応用問題,応用問題461 ベータトロン,0,1,,0,0,,
電磁気,26,基本問題,基本問題452 渦電流,0,1,,0,0,,
電磁気,26,基本問題,基本問題453 自己誘導,0,1,,0,0,,
電磁気,26,基本問題,基本問題454 自己誘導,0,1,,0,0,,
電磁気,26,基本問題,基本問題455 相互誘導,0,1,,0,0,,
電磁気,27,基本例題,基本例題90 抵抗で消費される電力,1,0,,0,0,,
電磁気,27,基本問題,基本問題462 交流の実効値,0,1,,0,0,,
電磁気,27,応用問題,応用問題473 Ｒ，Ｌ，Ｃ直列の交流回路,0,1,,0,0,,
電磁気,27,基本例題,基本例題91 交流のグラフ,1,0,,0,0,,
電磁気,27,基本問題,基本問題463 交流の発生,0,1,,0,0,,
電磁気,27,応用問題,応用問題474 Ｒ，Ｌ，Ｃ並列の交流回路,0,1,,0,0,,
電磁気,27,基本例題,基本例題92 交流回路,1,0,,0,0,,
電磁気,27,基本問題,基本問題464 ダイオードを含む交流回路,0,1,,0,0,,
電磁気,27,応用問題,応用問題475 電気振動,0,1,,0,0,,
電磁気,27,基本例題,基本例題93 電磁波,1,0,,0,0,,
電磁気,27,基本問題,基本問題465 変圧器と送電,0,1,,0,0,,
電磁気,27,応用問題,応用問題476 振動回路とばねの振動,0,1,,0,0,,
電磁気,27,基本問題,基本問題466 リアクタンス,0,1,,0,0,,
電磁気,27,基本問題,基本問題467 交流回路,0,1,,0,0,,
電磁気,27,基本問題,基本問題468 交流回路,0,1,,0,0,,
電磁気,27,基本問題,基本問題469 交流回路,0,1,,0,0,,
電磁気,27,基本問題,基本問題470 共振回路,0,1,,0,0,,
電磁気,27,基本問題,基本問題471 電気振動,0,1,,0,0,,
電磁気,27,基本問題,基本問題472 電磁波,0,1,,0,0,,
原子,28,基本例題,基本例題94 電場による電子の偏向,1,0,,0,0,,
原子,28,基本問題,基本問題477 放電,0,1,,0,0,,
原子,28,応用問題,応用問題495 電子の比電荷,0,1,,0,0,,
原子,28,基本例題,基本例題95 磁場による電子の偏向,1,0,,0,0,,
原子,28,基本問題,基本問題478 陰極線と磁場,0,1,,0,0,,
原子,28,応用問題,応用問題496 電子の運動の重力の影響,0,1,,0,0,,
原子,28,基本例題,基本例題96 光電効果,1,0,,0,0,,
原子,28,基本問題,基本問題479 電場と磁場による電子の偏向,0,1,,0,0,,
原子,28,応用問題,応用問題497 光の圧力,0,1,,0,0,,
原子,28,基本例題,基本例題97 Ｘ線の発生と性質,1,0,,0,0,,
原子,28,基本問題,基本問題480 磁場による電子の偏向,0,1,,0,0,,
原子,28,応用問題,応用問題498 光電効果,0,1,,0,0,,
原子,28,基本例題,基本例題98 電子線の回折,1,0,,0,0,,
原子,28,基本問題,基本問題481 ミリカンの実験,0,1,,0,0,,
原子,28,応用問題,応用問題499 コンプトン効果,0,1,,0,0,,
原子,28,基本問題,基本問題482 ミリカンの実験,0,1,,0,0,,
原子,28,応用問題,応用問題500 Ｘ線と電子線の回折,0,1,,0,0,,
原子,28,基本問題,基本問題483 電気素量,0,1,,0,0,,
原子,28,基本問題,基本問題484 光電効果,0,1,,0,0,,
原子,28,基本問題,基本問題485 光電効果,0,1,,0,0,,
原子,28,基本問題,基本問題486 光電効果のグラフ,0,1,,0,0,,
原子,28,基本問題,基本問題487 光電効果の阻止電圧,0,1,,0,0,,
原子,28,基本問題,基本問題488 電場による加速,0,1,,0,0,,
原子,28,基本問題,基本問題489 X線の発生,0,1,,0,0,,
原子,28,基本問題,基本問題490 X線回折,0,1,,0,0,,
原子,28,基本問題,基本問題491 光の粒子性,0,1,,0,0,,
原子,28,基本問題,基本問題492 コンプトン効果,0,1,,0,0,,
原子,28,基本問題,基本問題493 電子波,0,1,,0,0,,
原子,28,基本問題,基本問題494 電子波,0,1,,0,0,,
原子,29,基本例題,基本例題99 水素原子の構造,1,0,,0,0,,
原子,29,基本問題,基本問題501 水素原子のエネルギー準位,0,1,,0,0,,
原子,29,応用問題,応用問題516 水素原子のスペクトル,0,1,,0,0,,
原子,29,基本例題,基本例題100 放射性崩壊,1,0,,0,0,,
原子,29,基本問題,基本問題502 原子番号Ｚの原子のモデル,0,1,,0,0,,
原子,29,応用問題,応用問題517 α崩壊,0,1,,0,0,,
原子,29,基本例題,基本例題101 半減期,1,0,,0,0,,
原子,29,基本問題,基本問題503 原子量,0,1,,0,0,,
原子,29,応用問題,応用問題518 年代測定,0,1,,0,0,,
原子,29,基本例題,基本例題102 原子核反応と核エネルギー,1,0,,0,0,,
原子,29,基本問題,基本問題504 質量分析器,0,1,,0,0,,
原子,29,応用問題,応用問題519 核反応における保存則,0,1,,0,0,,
原子,29,基本例題,基本例題103 核分裂,1,0,,0,0,,
原子,29,基本問題,基本問題505 放射性崩壊と放射線,0,1,,0,0,,
原子,29,応用問題,応用問題520 中性子と核分裂,0,1,,0,0,,
原子,29,基本例題,基本例題104 結合エネルギー,1,0,,0,0,,
原子,29,基本問題,基本問題506 放射性崩壊,0,1,,0,0,,
原子,29,応用問題,応用問題521 原子核反応,0,1,,0,0,,
原子,29,基本問題,基本問題507 半減期,0,1,,0,0,,
原子,29,応用問題,応用問題522 β＋崩壊，電子対消滅,0,1,,0,0,,
原子,29,基本問題,基本問題508 １４Ｃと年代測定,0,1,,0,0,,
原子,29,基本問題,基本問題509 放射性崩壊と半減期,0,1,,0,0,,
原子,29,基本問題,基本問題510 結合エネルギー,0,1,,0,0,,
原子,29,基本問題,基本問題511 原子核反応とβ崩壊,0,1,,0,0,,
原子,29,基本問題,基本問題512 原子核の崩壊とエネルギー保存則,0,1,,0,0,,
原子,29,基本問題,基本問題513 核分裂,0,1,,0,0,,
原子,29,基本問題,基本問題514 核融合,0,1,,0,0,,
原子,29,基本問題,基本問題515 クォーク模型,0,1,,0,0,,
原子,30,基本例題,基本例題105 発電方式,1,0,,0,0,,
原子,30,基本問題,基本問題523 エネルギーの変換,0,1,,0,0,,
原子,30,基本例題,基本例題106 水力発電,1,0,,0,0,,
原子,30,基本問題,基本問題524 発電方式,0,1,,0,0,,
原子,30,基本問題,基本問題525 太陽光発電,0,1,,0,0,,
原子,30,基本問題,基本問題526 原子核,0,1,,0,0,,
原子,30,基本問題,基本問題527 核反応,0,1,,0,0,,
原子,30,基本問題,基本問題528 放射線,0,1,,0,0,,
原子,30,基本問題,基本問題529 放射線,0,1,,0,0,,
原子,30,基本問題,基本問題530 放射線,0,1,,0,0,,
原子,30,基本問題,基本問題531 エネルギー資源の利用,0,1,,0,0,,
原子,30,基本問題,基本問題532 半減期,0,1,,0,0,,
